rec_id,category_name,guideline_name,guideline_year,class,level,evidence_first_authors,rec_text_verbatim
1,Carotid,Management of Atherosclerotic Carotid and Vertebral Artery Disease,2023,I,B,"[Wardlaw et al.,<br>Patel et al.]","Changed  For patients undergoing evaluation of the extent and severity of extracranial carotid stenoses, duplex ultrasound, computed tomographic angiography and/or magnetic resonance angiography are recommended."
2,Carotid,Management of Atherosclerotic Carotid and Vertebral Artery Disease,2023,I,B,[Wardlaw et al.],"Changed  For patients where carotid endarterectomy is being considered, it is recommended that duplex ultrasound stenosis estimation be corroborated by computed tomographic angiography or magnetic resonance angiography, or by a repeat duplex ultrasound performed by a second operator."
3,Carotid,Management of Atherosclerotic Carotid and Vertebral Artery Disease,2023,I,B,[Wardlaw et al.],"Changed  For a patient where carotid artery stenting is being considered, it is recommended that any duplex ultrasound study be followed by computed tomographic angiography or magnetic resonance angiography, which will provide additional information on the aortic arch, as well as the extra- and intracranial circulation."
4,Carotid,Management of Atherosclerotic Carotid and Vertebral Artery Disease,2023,I,C,[Walker et al.],"Unchanged  In units which base management decisions in patients with atherosclerotic carotid disease on duplex ultrasound measurement, it is recommended that reports should state which measurement method is used."
5,Carotid,Management of Atherosclerotic Carotid and Vertebral Artery Disease,2023,III,B,[Wardlaw et al.],"Changed  For patients with atherosclerotic disease being considered for revascularisation, intra-arterial digital subtraction angiography is not recommended, unless there are significant discrepancies on non-invasive imaging."
6,Carotid,Management of Atherosclerotic Carotid and Vertebral Artery Disease,2023,I,C,[Bazan et al.],"Unchanged  Multidisciplinary team review is recommended to reach consensus decisions regarding the indications for, and treatment of, patients with carotid stenosis regarding carotid endarterectomy, carotid stenting or optimal medical therapy."
7,Carotid,Management of Atherosclerotic Carotid and Vertebral Artery Disease,2023,I,C,"[Rothwell et al.,<br>Theiss et al.]",Unchanged  Independent neurological assessment before and after carotid interventions is recommended to audit peri-procedural risks.
8,Carotid,Management of Atherosclerotic Carotid and Vertebral Artery Disease,2023,I,B,"[O'Connor et al., Herder et al., Shinton et al., Lee et al., Strazzullo et al.]","For patients with asymptomatic and symptomatic carotid disease, behavioural counselling to promote healthy diet, smoking cessation and physical activity is recommended."
9,Carotid,Management of Atherosclerotic Carotid and Vertebral Artery Disease,2023,IIa,C,"[King et al., Antithrombotic Trialists Collaboration et al.]","Changed  For patients with >50% asymptomatic carotid stenosis, lower dose aspirin (75–325 mg daily) should be considered, mainly for the prevention of late myocardial infarction and other cardiovascular events."
10,Carotid,Management of Atherosclerotic Carotid and Vertebral Artery Disease,2023,IIa,C,[Murphy et al.],"New  For patients with >50% asymptomatic carotid stenosis who are intolerant or allergic to aspirin, clopidogrel 75 mg daily should be considered. If intolerant or allergic to both aspirin and clopidogrel, dipyridamole monotherapy (200 mg twice daily) should be considered."
11,Carotid,Management of Atherosclerotic Carotid and Vertebral Artery Disease,2023,I,B,[Taylor <i>et al.</i>],"New  For patients with asymptomatic carotid stenosis who are undergoing carotid endarterectomy, lower dose aspirin (75–325 mg daily) rather than higher dose aspirin (>325 mg daily) is recommended."
12,Carotid,Management of Atherosclerotic Carotid and Vertebral Artery Disease,2023,I,B,"[Murphy <i>et al.</i>, McKevitt <i>et al.</i>, Mannheim <i>et al.</i>, Gurm <i>et al.</i>, Rosenfield <i>et al.</i>, Eckstein <i>et al.</i>, Quinn <i>et al.</i>]","Unchanged  For patients with asymptomatic carotid stenosis undergoing carotid stenting, combination antiplatelet therapy with aspirin (75–325 mg daily) and clopidogrel (75 mg daily) is recommended. Clopidogrel (75 mg daily) should be started at least three days before stenting or as a single 300 mg loading dose given in urgent cases. Aspirin and clopidogrel should be continued for at least four weeks after stenting and then antiplatelet monotherapy should be continued indefinitely."
13,Carotid,Management of Atherosclerotic Carotid and Vertebral Artery Disease,2023,I,B,"[Zhan <i>et al.</i>, Halliday <i>et al.</i>, Cholesterol Treatment Trialists Collaboration]","Changed  For patients with asymptomatic carotid stenosis, lipid lowering therapy with statins (with or without ezetimibe) is recommended for the long-term prevention of stroke, myocardial infarction, and other cardiovascular events."
14,Carotid,Management of Atherosclerotic Carotid and Vertebral Artery Disease,2023,IIa,C,"[Giugliano <i>et al.</i>, Schmidt <i>et al.</i>]","New  For patients with asymptomatic carotid stenosis with dyslipidaemia who are intolerant of statins, with or without ezetimibe, lipid lowering therapy with PCSK9 inhibitors should be considered."
15,Carotid,Management of Atherosclerotic Carotid and Vertebral Artery Disease,2023,I,A,[Williams <i>et al.</i>],"Unchanged  For patients with asymptomatic or symptomatic carotid stenoses and hypertension, antihypertensive treatment is recommended."
16,Carotid,Management of Atherosclerotic Carotid and Vertebral Artery Disease,2023,I,B,"[NICE, NICE, ABCD, American Diabetes Association]","For diabetic patients with asymptomatic carotid stenoses, optimal glycaemic control is recommended."
17,Carotid,Management of Atherosclerotic Carotid and Vertebral Artery Disease,2023,III,C,[Consensus],Routine population screening for asymptomatic carotid stenosis is not recommended.
18,Carotid,Management of Atherosclerotic Carotid and Vertebral Artery Disease,2023,IIb,B,"[AbuRahma et al., Poorthuis et al., Poorthuis et al., Brott et al., Cosentino et al., Mach et al.]","For patients with two or more vascular risk factors, selective screening for asymptomatic carotid stenosis may be considered in order to optimise risk factor control and medical therapy. The main purpose is to reduce late cardiovascular morbidity and mortality, rather than identifying candidates for carotid interventions."
19,Carotid,Management of Atherosclerotic Carotid and Vertebral Artery Disease,2023,IIa,B,"[Executive Committee for the Asymptomatic Carotid Atherosclerosis Study, MRC Asymptomatic Carotid Surgery Trial (ACST) Collaborative Group, Halliday <i>et al.</i>, Nicolaides <i>et al.</i>, Kakkos <i>et al.</i>, Kakkos <i>et al.</i>, Kakkos <i>et al.</i>, Hirt <i>et al.</i>, Nicolaides <i>et al.</i>, Gupta <i>et al.</i>, King <i>et al.</i>, Gupta <i>et al.</i>, Markus <i>et al.</i>, Topakian <i>et al.</i>]","Unchanged  For average surgical risk patients with an asymptomatic 60–99% stenosis, carotid endarterectomy should be considered in the presence of one or more imaging or clinical characteristics that may be associated with an increased risk of late stroke\*, provided 30 day stroke/death rates are ≤3% and patient life expectancy exceeds five years."
20,Carotid,Management of Atherosclerotic Carotid and Vertebral Artery Disease,2023,Iib,B,"[Mannheim et al., Rosenfield et al., Eckstein et al., Nicolaides et al., Kakkos et al., Kakkos et al., Kakkos et al., Hirt et al., Nicolaides et al., Gupta et al., King et al., Gupta et al., Markus et al., Topakian et al., Silver et al.]","Unchanged  For average surgical risk patients with an asymptomatic 60–99% stenosis in the presence of one or more imaging or clinical characteristics that may be associated with an increased risk of late stroke\*, carotid stenting may be an alternative to carotid endarterectomy, provided 30 day stroke/death rates are ≤3% and patient life expectancy exceeds five years."
21,Carotid,Management of Atherosclerotic Carotid and Vertebral Artery Disease,2023,Iib,B,"[Gurm et al., Nicolaides et al., Kakkos et al., Kakkos et al., Kakkos et al., Hirt et al., Nicolaides et al., Gupta et al., King et al., Gupta et al., Markus et al., Topakian et al., Yadav et al.]","Unchanged  For asymptomatic patients deemed by the multidisciplinary team to be 'high risk for surgery' and who have an asymptomatic 60–99% stenosis in the presence of one or more imaging/clinical characteristics that may be associated with an increased risk of late stroke on best medical therapy, carotid stenting may be considered provided anatomy is favourable, 30 day death/stroke rates are ≤3% and patient life expectancy exceeds five years\*."
22,Carotid,Management of Atherosclerotic Carotid and Vertebral Artery Disease,2023,III,B,"[Halliday et al., Paraskevas et al.]","For patients with a 70–99% asymptomatic carotid stenosis, carotid interventions are not recommended for the prevention of cognitive impairment until a causal association between severe asymptomatic carotid stenoses and cognitive decline has been established."
23,Carotid,Management of Atherosclerotic Carotid and Vertebral Artery Disease,2023,I,A,"[Hao et al., Diener et al., ESPRIT Study Group et al., Sacco et al., King and Markus, King et al.]","New  For symptomatic carotid stenosis patients who are not being considered for carotid endarterectomy or stenting following a transient ischaemic attack or minor ischaemic stroke, short term aspirin plus clopidogrel for 21 days followed by clopidogrel monotherapy, or long term aspirin plus modified release dipyridamole is recommended\*."
24,Carotid,Management of Atherosclerotic Carotid and Vertebral Artery Disease,2023,I,B,"[Amarenco et al., Diener et al.]","New  For recently symptomatic carotid stenosis patients who are not being considered for carotid endarterectomy or stenting who are intolerant of, or allergic to, aspirin and clopidogrel, dipyridamole monotherapy or ticagrelor monotherapy is recommended\*."
25,Carotid,Management of Atherosclerotic Carotid and Vertebral Artery Disease,2023,I,C,[Consensus],"New  For recently symptomatic carotid stenosis patients in whom carotid endarterectomy is being considered, it is recommended that neurologists/stroke physicians and vascular surgeons develop local protocols to specify preferred antiplatelet regimens (combination therapy vs. monotherapy), so as not to delay urgent carotid surgery."
26,Carotid,Management of Atherosclerotic Carotid and Vertebral Artery Disease,2023,I,A,"[Murphy et al., Lindblad et al., Taylor et al.]","Unchanged  For recently symptomatic carotid stenosis patients scheduled to undergo carotid endarterectomy, it is recommended that all be prescribed antiplatelet therapy throughout the peri-operative period and in the long term."
27,Carotid,Management of Atherosclerotic Carotid and Vertebral Artery Disease,2023,IIa,C,"[Hao et al., Markus et al., Batchelder et al., Payne et al.]","New  For recently symptomatic patients with a 50–99% carotid stenosis who are to undergo carotid endarterectomy, peri-operative combination antiplatelet therapy should be considered, and should be started after imaging has excluded intracranial haemorrhage\*."
28,Carotid,Management of Atherosclerotic Carotid and Vertebral Artery Disease,2023,IIa,B,[Taylor et al.],"New  In recently symptomatic patients with a 50–99% carotid stenosis who are to undergo carotid endarterectomy where antiplatelet monotherapy is preferred to combination therapy, aspirin (300–325 mg daily for 14 days, followed by 75–162 mg daily) should be considered."
29,Carotid,Management of Atherosclerotic Carotid and Vertebral Artery Disease,2023,I,B,[Taylor et al.],"New  For recently symptomatic patients undergoing carotid endarterectomy on aspirin monotherapy, lower dose aspirin (75–325 mg daily) rather than higher dose (>325 mg daily) is recommended."
30,Carotid,Management of Atherosclerotic Carotid and Vertebral Artery Disease,2023,I,C,[Diener et al.],"New  For recently symptomatic carotid stenosis patients undergoing carotid endarterectomy who are intolerant of, or allergic to, aspirin and clopidogrel, dipyridamole modified release monotherapy (200 mg twice daily) is recommended."
31,Carotid,Management of Atherosclerotic Carotid and Vertebral Artery Disease,2023,I,C,"[Murphy et al., McKevitt et al., Quinn et al., NICE]","Changed  For recently symptomatic patients undergoing carotid stenting, combination antiplatelet therapy with aspirin (75–325 mg daily) and clopidogrel is recommended. Clopidogrel (75 mg daily) should be started at least three days prior to stenting or as a single 300 mg loading dose in urgent cases. Aspirin and clopidogrel should be continued for at least four weeks after stenting and then long term antiplatelet monotherapy (preferably clopidogrel 75 mg daily) should be continued indefinitely."
32,Carotid,Management of Atherosclerotic Carotid and Vertebral Artery Disease,2023,III,A,"[Hao et al., Diener et al.]","Unchanged  For patients who have undergone carotid endarterectomy or carotid stenting, long term aspirin + clopidogrel therapy is not recommended unless required for cardiac or other vascular disease indications."
33,Carotid,Management of Atherosclerotic Carotid and Vertebral Artery Disease,2023,IIa,B,"[Arbel et al., Gaglia et al., Collett et al., Furuta et al., Chan et al.]","Unchanged  For patients on antiplatelet therapy with a higher than average risk of gastrointestinal bleeding\*, gastroprotective treatment or proton pump inhibition should be considered. If a proton pump inhibitor is indicated, it is recommended to select one which does not significantly influence the antiplatelet effects of clopidogrel (e.g. pantoprazole)."
34,Carotid,Management of Atherosclerotic Carotid and Vertebral Artery Disease,2023,I,B,[Sillesen <i>et al.</i>],"Unchanged  For patients with a symptomatic carotid stenosis, statin therapy is recommended for the long term prevention of stroke, myocardial infarction and other cardiovascular events."
35,Carotid,Management of Atherosclerotic Carotid and Vertebral Artery Disease,2023,I,B,[Amarenco <i>et al.</i>],"New  For symptomatic carotid stenosis patients who do not reach their lipid targets on maximum doses or maximum tolerated doses of statins, ezetimibe (10 mg daily) is recommended."
36,Carotid,Management of Atherosclerotic Carotid and Vertebral Artery Disease,2023,IIa,B,[Giugliano <i>et al.</i>],"New  For symptomatic carotid stenosis patients who are intolerant of, or not achieving target low density lipoprotein levels on statins, with or without ezetimibe, additional or alternative treatment with PCSK9 inhibitors should be considered."
37,Carotid,Management of Atherosclerotic Carotid and Vertebral Artery Disease,2023,I,A,"[Safouris et al., Texakalidis et al., Texakalidis et al.]","For patients scheduled to undergo endarterectomy or stenting, it is recommended to commence statin therapy pre-operatively."
38,Carotid,Management of Atherosclerotic Carotid and Vertebral Artery Disease,2023,I,A,[Williams et al.],"For patients presenting with a transient ischaemic attack or minor ischaemic stroke with hypertension, antihypertensive treatment is recommended."
39,Carotid,Management of Atherosclerotic Carotid and Vertebral Artery Disease,2023,IIa,C,"[Bond et al., Rothwell et al.]","For symptomatic carotid stenosis patients awaiting endarterectomy or stenting, caution should be considered when rapidly lowering blood pressure in the early time period after onset of symptoms, but uncontrolled hypertension (>180/90 mmHg) should be treated."
40,Carotid,Management of Atherosclerotic Carotid and Vertebral Artery Disease,2023,I,A,Rothwell et al,"For patients reporting carotid territory symptoms within the preceding six months and who have a 70–99% carotid stenosis, carotid endarterectomy is recommended provided the 30 day risk of death/stroke rate is <6%."
41,Carotid,Management of Atherosclerotic Carotid and Vertebral Artery Disease,2023,Iia,A,Rothwell et al,"For patients reporting carotid territory symptoms within the preceding six months and who have a 50–69% carotid stenosis, carotid endarterectomy should be considered provided the documented 30 day risk of death/stroke rate is <6%."
42,Carotid,Management of Atherosclerotic Carotid and Vertebral Artery Disease,2023,I,A,[Howard et al.],"For patients aged ≥70 years who have experienced a carotid territory transient ischaemic attack or ischaemic stroke within the preceding 6 months in association with a 50–99% carotid stenosis, it is recommended that they should be treated by carotid endarterectomy, rather than carotid stenting."
43,Carotid,Management of Atherosclerotic Carotid and Vertebral Artery Disease,2023,IIb,A,[Howard et al.],"For patients aged &lt;70 years who have experienced a carotid territory transient ischaemic attack or ischaemic stroke within the preceding 6 months in association with a 50–99% carotid stenosis, carotid artery stenting may be considered an alternative to endarterectomy, provided the documented 30 day risk of death/stroke is &lt;6%."
44,Carotid,Management of Atherosclerotic Carotid and Vertebral Artery Disease,2023,I,A,"[Rothwell et al., Rothwell et al.]","For symptomatic patients with a 50–99% stenosis in whom a carotid intervention is considered appropriate, it is recommended that this be performed as soon as possible, preferably within 14 days of symptom onset."
45,Carotid,Management of Atherosclerotic Carotid and Vertebral Artery Disease,2023,I,A,"[Rantner et al., Rantner et al.]","For patients who are undergoing revascularisation within the first 14 days after onset of symptoms, it is recommended that they should undergo carotid endarterectomy, rather than carotid stenting."
46,Carotid,Management of Atherosclerotic Carotid and Vertebral Artery Disease,2023,I,C,"[Rantner et al., Wolfle et al.]","For patients with 50–99% stenoses who experience a disabling stroke (modified Rankin score ≥3), or whose area of infarction exceeds one third of the ipsilateral middle cerebral artery territory, or who have altered consciousness/drowsiness, it is recommended to defer carotid interventions to minimise the risks of post-operative parenchymal haemorrhage."
47,Carotid,Management of Atherosclerotic Carotid and Vertebral Artery Disease,2023,IIa,C,"[Munster et al., Rerkasem et al., Capoccia et al., Gajin et al.]","For patients with 50–99% stenoses who present with stroke in evolution or crescendo transient ischaemic attacks, urgent carotid endarterectomy should be considered, preferably within 24 hours."
48,Carotid,Management of Atherosclerotic Carotid and Vertebral Artery Disease,2023,I,C,[Berge et al.],"Unchanged  For symptomatic patients undergoing thrombolysis, it is recommended that intravenous heparin and antiplatelet therapy be withheld for 24 hours after completion of thrombolysis, but antiplatelet therapy should then be commenced before any carotid intervention is undertaken."
49,Carotid,Management of Atherosclerotic Carotid and Vertebral Artery Disease,2023,IIa,B,"[Kakkos et al., Vellimana et al.]","New  For patients with acute ischaemic stroke due to a symptomatic 50–99% carotid stenosis who have received intravenous thrombolysis, delaying carotid endarterectomy or carotid stenting by six days following completion of thrombolysis should be considered."
50,Carotid,Management of Atherosclerotic Carotid and Vertebral Artery Disease,2023,I,C,[Naylor],"Unchanged  For patients undergoing early carotid interventions after thrombolysis, active treatment of post-interventional hypertension is recommended to reduce the risks of parenchymal haemorrhage."
51,Carotid,Management of Atherosclerotic Carotid and Vertebral Artery Disease,2023,Iib,C,[Consensus],"New  For a patient with acute ischaemic stroke undergoing intracranial mechanical thrombectomy with a tandem 50–99% carotid stenosis and a small area of ipsilateral infarction, synchronous carotid stenting may be considered in the presence of poor antegrade internal carotid artery flow or poor collateralisation via the circle of Willis after mechanical thrombectomy."
52,Carotid,Management of Atherosclerotic Carotid and Vertebral Artery Disease,2023,III,A,[Rothwell et al.],"Unchanged  For patients presenting with carotid territory symptoms in the preceding six months and who have a <50% stenosis, a carotid intervention is not recommended."
53,Carotid,Management of Atherosclerotic Carotid and Vertebral Artery Disease,2023,Iib,C,"[Karlsson et al., Yoshida et al., Kashiwazaki et al.]","Unchanged  For selected patients experiencing recurrent transient ischaemic attacks or minor stroke, despite best medical therapy and who have a <50% stenosis, carotid endarterectomy or carotid artery stenting may be considered but only following neurovascular work up and multidisciplinary team review."
54,Carotid,Management of Atherosclerotic Carotid and Vertebral Artery Disease,2023,IIa,B,"[Kokkinidis <i>et al.</i>, Nejim <i>et al.</i>, Fokkema <i>et al.</i>]","New  For recently symptomatic patients with 50–99% stenoses and contralateral carotid occlusion or previous cervical radiation therapy, the choice of carotid endarterectomy or carotid artery stenting should be considered on an individual basis."
55,Carotid,Management of Atherosclerotic Carotid and Vertebral Artery Disease,2023,IIa,B,"[Gurm <i>et al.</i>, Yadav <i>et al.</i>, Bonati <i>et al.</i>, Brott <i>et al.</i>]","Unchanged  For recently symptomatic patients with 50–99% stenoses with anatomical features or co-morbidities that are considered by the multidisciplinary team to be higher risk for carotid endarterectomy, carotid stenting should be considered as an alternative to endarterectomy, providing the documented 30 day risk of death/stroke is <6%."
56,Carotid,Management of Atherosclerotic Carotid and Vertebral Artery Disease,2023,III,B,[Rothwell <i>et al.</i>],"For symptomatic patients with carotid near occlusion and distal vessel collapse, carotid endarterectomy and carotid stenting are not recommended, unless as part of a randomised controlled trial."
57,Carotid,Management of Atherosclerotic Carotid and Vertebral Artery Disease,2023,Iib,C,"[Meershoek <i>et al.</i>,<br>Xue <i>et al.</i>,<br>García-Pastor <i>et al.</i>,<br>Meershoek <i>et al.</i>]","For patients with carotid near occlusion and distal vessel collapse with recurrent carotid territory symptoms (despite best medical therapy), carotid endarterectomy or carotid artery stenting may be considered only after multidisciplinary team review."
58,Carotid,Management of Atherosclerotic Carotid and Vertebral Artery Disease,2023,I,C,"[Bhatti et al., Friedman et al.]","For patients presenting with recent carotid territory symptoms and evidence of free floating thrombus within the carotid artery, therapeutic anticoagulation is recommended."
59,Carotid,Management of Atherosclerotic Carotid and Vertebral Artery Disease,2023,IiB,C,[Consensus],"For patients presenting with recent carotid territory symptoms and free floating thrombus who develop recurrent symptoms whilst receiving anticoagulation therapy, surgical or endovascular removal of the thrombus may be considered."
60,Carotid,Management of Atherosclerotic Carotid and Vertebral Artery Disease,2023,III,C,[Fridman et al.],"For patients presenting with recent carotid territory symptoms and evidence of free floating thrombus, intravenous thrombolysis is not recommended."
61,Carotid,Management of Atherosclerotic Carotid and Vertebral Artery Disease,2023,IiB,C,"[Gugliemi et al., Kim et al., Zhang et al., Choi et al., Laberyie et al.]","For symptomatic patients with a carotid web in whom no other cause for stroke can be identified after detailed neurovascular work up, carotid endarterectomy or carotid artery stenting may be considered to prevent recurrent stroke."
62,Carotid,Management of Atherosclerotic Carotid and Vertebral Artery Disease,2023,IIa,C,"[Nana et al., Kawaguchi et al.]","For patients with confirmed ocular ischaemia syndrome and a 50–99% ipsilateral carotid stenosis, carotid endarterectomy or carotid stenting should be considered to prevent further ischaemia induced retinal neovascularisation."
63,Carotid,Management of Atherosclerotic Carotid and Vertebral Artery Disease,2023,I,C,[Consensus],"New  For patients presenting with a transient ischaemic attack or minor ischaemic stroke in the presence of newly diagnosed or known atrial fibrillation and an ipsilateral 50–99% carotid stenosis, comprehensive neurovascular work up with multidisciplinary team review is recommended to determine whether urgent carotid revascularisation or anticoagulation alone is indicated."
64,Carotid,Management of Atherosclerotic Carotid and Vertebral Artery Disease,2023,I,C,[Consensus],"New  For patients who have been started on anticoagulation (on the basis that cardiac embolism was considered the most likely cause of their transient ischaemic attack or stroke) but who then report recurrent event(s) in the territory ipsilateral to a 50–99% carotid stenosis whilst on therapeutic levels of anticoagulation, carotid endarterectomy or carotid artery stenting is recommended."
65,Carotid,Management of Atherosclerotic Carotid and Vertebral Artery Disease,2023,IIa,B,"[Hajibandeh <i>et al.</i>, Knappich <i>et al.</i>, Grieff <i>et al.</i>, Malik <i>et al.</i>, Trial Collaborative GALA]","In patients undergoing carotid endarterectomy, decisions regarding choice of anaesthesia (locoregional, general) should be considered at the discretion of the surgeon/anaesthetist performing the procedure, taking account of local experience, patient preference, and preferred antiplatelet strategy."
66,Carotid,Management of Atherosclerotic Carotid and Vertebral Artery Disease,2023,I,B,"[Hussain et al., AbuRahma et al., Killeen et al.]","New  For patients undergoing carotid endarterectomy, it is recommended that the operation be performed by trained vascular surgeons, rather than by surgeons from other specialties."
67,Carotid,Management of Atherosclerotic Carotid and Vertebral Artery Disease,2023,IIa,B,[Antoniou et al.],"Unchanged  For patients undergoing carotid endarterectomy, decisions regarding carotid exposure (antegrade, retrojugular) should be left to the operating surgeon."
68,Carotid,Management of Atherosclerotic Carotid and Vertebral Artery Disease,2023,III,A,"[Tang et al., Adjuk et al.]","Unchanged  For patients undergoing carotid endarterectomy, routine carotid sinus nerve blockade is not recommended."
69,Carotid,Management of Atherosclerotic Carotid and Vertebral Artery Disease,2023,IIa,B,"[Stone et al., Kakisis et al., Patel et al.]","Unchanged  For patients undergoing carotid endarterectomy, protamine reversal of heparin should be considered."
70,Carotid,Management of Atherosclerotic Carotid and Vertebral Artery Disease,2023,Ila,C,"[Levin et al., Wiske et al., Chongruksut et al.]","For patients undergoing carotid endarterectomy, decisions regarding shunting (routine, selective, never) should be considered at the discretion of the operating surgeon."
71,Carotid,Management of Atherosclerotic Carotid and Vertebral Artery Disease,2023,I,A,"[Lazarides et al., Rerkasem et al., Ren et al.]","For patients undergoing conventional carotid endarterectomy, routine patch closure is recommended, rather than routine primary arteriotomy closure."
72,Carotid,Management of Atherosclerotic Carotid and Vertebral Artery Disease,2023,Ila,A,[Lazarides et al.],"For patients undergoing carotid endarterectomy, the choice of patch closure material should be considered at the discretion of the operating surgeon."
73,Carotid,Management of Atherosclerotic Carotid and Vertebral Artery Disease,2023,I,A,[Paraskevas et al.],"For patients undergoing carotid endarterectomy, eversion endarterectomy or patched endarterectomy is recommended over routine primary arteriotomy closure."
74,Carotid,Management of Atherosclerotic Carotid and Vertebral Artery Disease,2023,Ila,A,[Paraskevas et al.],"For patients undergoing carotid endarterectomy, the choice between eversion or patched endarterectomy should be considered at the discretion of the operating surgeon."
75,Carotid,Management of Atherosclerotic Carotid and Vertebral Artery Disease,2023,Ila,B,[Knappich <i>et al.</i>],"New  For patients undergoing carotid endarterectomy, intra-operative completion imaging with angiography, duplex ultrasound or angioscopy should be considered in order to reduce the risk of peri-operative stroke."
76,Carotid,Management of Atherosclerotic Carotid and Vertebral Artery Disease,2023,III,C,[Consensus],"Unchanged  For patients with asymptomatic isolated coils/kinks of the internal carotid artery, surgical correction is not recommended."
77,Carotid,Management of Atherosclerotic Carotid and Vertebral Artery Disease,2023,Iib,B,[Ballotta <i>et al.</i>],"Unchanged  For symptomatic patients with isolated coils/kinks, surgical correction may be considered, but only following multidisciplinary team review and provided no other cause for transient ischaemic attack or stroke symptoms can be identified."
78,Carotid,Management of Atherosclerotic Carotid and Vertebral Artery Disease,2023,I,C,[Consensus],"Unchanged  For patients undergoing carotid endarterectomy, it is recommended that the surgeon should anticipate the presence of distal disease extension pre-operatively and plan for this in advance."
79,Carotid,Management of Atherosclerotic Carotid and Vertebral Artery Disease,2023,IIa,B,"[Rivolta <i>et al.</i>,<br>Smolock <i>et al.</i>]","For patients undergoing carotid endarterectomy, selective wound drainage should be considered."
80,Carotid,Management of Atherosclerotic Carotid and Vertebral Artery Disease,2023,III,A,"[Fluri <i>et al.</i>,<br>Powers <i>et al.</i>]","For recently symptomatic patients with an extracranial atherosclerotic internal carotid artery occlusion, extracranial to intracranial bypass surgery is not recommended."
81,Carotid,Management of Atherosclerotic Carotid and Vertebral Artery Disease,2023,I,C,"[Gupta et al., Trocciola et al.]","For patients undergoing carotid artery stenting, intravenous atropine or glycopyrrolate is recommended prior to balloon inflation to prevent hypotension, bradycardia or asystole."
82,Carotid,Management of Atherosclerotic Carotid and Vertebral Artery Disease,2023,IIa,B,"[Ruzsa et al., Jaroennngarmsamer et al., Malas et al., Kashyap et al., Mendiz et al., Montorsi et al.]","For patients selected to undergo carotid artery stenting, transradial or transcarotid artery revascularisation should be considered as an alternative to transfemoral carotid artery stenting, especially where transfemoral access may confer a higher risk of complications."
83,Carotid,Management of Atherosclerotic Carotid and Vertebral Artery Disease,2023,IIa,B,"[de Vries <i>et al.</i>,<br>Faateh <i>et al.</i>,<br>Knappich <i>et al.</i>]","New  For patients undergoing carotid artery stenting, decisions regarding stent design (open cell, closed cell) should be considered at the discretion of the operator."
84,Carotid,Management of Atherosclerotic Carotid and Vertebral Artery Disease,2023,IIb,C,[Imamura <i>et al.</i>],"New  For patients undergoing elective carotid artery stenting, dual layer mesh covered stents may be considered."
85,Carotid,Management of Atherosclerotic Carotid and Vertebral Artery Disease,2023,IIa,C,[Ziapour <i>et al.</i>],"New  For patients undergoing carotid artery stenting, when pre-dilatation is planned, balloon diameters <5 mm should be considered in order to reduce the risk of peri-procedural stroke or transient ischaemic attack."
86,Carotid,Management of Atherosclerotic Carotid and Vertebral Artery Disease,2023,III,B,[Ziapour <i>et al.</i>],"New  For patients undergoing carotid artery stenting, post-dilatation is not recommended when the residual stenosis is <30%, in order to reduce haemodynamic instability."
87,Carotid,Management of Atherosclerotic Carotid and Vertebral Artery Disease,2023,IIa,C,"[Rosenfield <i>et al.</i>, Brott <i>et al.</i>, Touze <i>et al.</i>]","For patients undergoing carotid artery stenting, cerebral protection systems should be considered."
88,Carotid,Management of Atherosclerotic Carotid and Vertebral Artery Disease,2023,IIa,B,"[Wodarg <i>et al.</i>, Hicks <i>et al.</i>, Knappich <i>et al.</i>, Rosenfield <i>et al.</i>, Brott <i>et al.</i>, Touze <i>et al.</i>]","For patients undergoing carotid artery stenting, decisions regarding choice of cerebral protection (filter, proximal flow reversal) should be considered at the discretion of the operator."
89,Carotid,Management of Atherosclerotic Carotid and Vertebral Artery Disease,2023,III,C,[Cremonesi <i>et al.</i>],"For patients undergoing carotid artery stenting, it is not recommended to deploy proximal cerebral protection devices in patients with advanced common carotid disease or external carotid artery disease (if an occlusion balloon is to be positioned in the external carotid artery) or in patients with contralateral occlusion and insufficient collateralisation."
90,Carotid,Management of Atherosclerotic Carotid and Vertebral Artery Disease,2023,IIb,C,"[Giurgius <i>et al.</i>, Badheka <i>et al.</i>, Shishehbor <i>et al.</i>]","For patients undergoing transfemoral carotid stenting, at least twelve carotid stent procedures per year (per operator) may be considered an appropriate operator volume threshold in order to maintain optimal outcomes."
91,Carotid,Management of Atherosclerotic Carotid and Vertebral Artery Disease,2023,I,C,[Meershoek <i>et al.</i>],"New  For patients experiencing a peri-operative stroke, it is recommended to differentiate between an intra-operative and a post-operative stroke."
92,Carotid,Management of Atherosclerotic Carotid and Vertebral Artery Disease,2023,I,C,[Meershoek <i>et al.</i>],"New  For patients who develop an ipsilateral neurological deficit after flow is restored following carotid clamp release when carotid endarterectomy is performed under locoregional anaesthesia, immediate re-exploration of the carotid artery is recommended."
93,Carotid,Management of Atherosclerotic Carotid and Vertebral Artery Disease,2023,I,C,[Consensus],"For patients who develop an ipsilateral or contralateral stroke at any time period following carotid endarterectomy or carotid artery stenting, urgent diagnostic neurovascular imaging of both carotid arteries and the brain is recommended."
94,Carotid,Management of Atherosclerotic Carotid and Vertebral Artery Disease,2023,Ila,C,"[Chung et al., Sharma et al.]","For patients with post-carotid hypotension, administration of intravenous crystalloids and volume expanders should be considered as first line treatment. If this fails to improve blood pressure, titrated intravenous vasopressors should be considered to maintain systolic blood pressure >90 mmHg."
95,Carotid,Management of Atherosclerotic Carotid and Vertebral Artery Disease,2023,I,C,[Consensus],"For patients undergoing carotid interventions, regular blood pressure monitoring is recommended for the first 3–6 hours after carotid endarterectomy, as well as in carotid stent patients who develop haemodynamic instability during the procedure."
96,Carotid,Management of Atherosclerotic Carotid and Vertebral Artery Disease,2023,I,C,[Consensus],"For carotid stenting patients who develop haemodynamic instability during the procedure, regular blood pressure monitoring is recommended for the first 24 hours after carotid revascularisation."
97,Carotid,Management of Atherosclerotic Carotid and Vertebral Artery Disease,2023,I,C,[Naylor et al.],"In centres performing carotid interventions, it is recommended that they have written criteria for treating post-procedural hypertension."
98,Carotid,Management of Atherosclerotic Carotid and Vertebral Artery Disease,2023,I,C,[Consensus],"In a patient who develops a post-operative neck haematoma in association with stridor or tracheal deviation, immediate re-exploration is recommended."
99,Carotid,Management of Atherosclerotic Carotid and Vertebral Artery Disease,2023,I,C,"[Lejay et al., Naylor]",Unchanged  For patients with prosthetic patch infection or carotid stent infection excision and autologous venous reconstruction is recommended.
100,Carotid,Management of Atherosclerotic Carotid and Vertebral Artery Disease,2023,III,C,"[Lejay et al., Naylor]","Unchanged  For patients with carotid patch or stent infection, excision and prosthetic reconstruction is not recommended."
101,Carotid,Management of Atherosclerotic Carotid and Vertebral Artery Disease,2023,IIb,C,"[Lejay et al., Bannazadeh et al., Thorbjornsen et al.]","New  In selected high risk for surgery patients or emergency patients with suspected prosthetic patch infection, insertion of a covered stent may be considered, as part of the three stage EndoVAC technique."
102,Carotid,Management of Atherosclerotic Carotid and Vertebral Artery Disease,2023,I,B,[Rothwell <i>et al.</i>],"Changed  For patients experiencing a late ipsilateral stroke or transient ischaemic attack in the presence of an ipsilateral 50–99% re-stenosis, re-do carotid endarterectomy or carotid artery stenting is recommended."
103,Carotid,Management of Atherosclerotic Carotid and Vertebral Artery Disease,2023,I,B,[Rothwell <i>et al.</i>],"Changed  For patients experiencing a late ipsilateral stroke or transient ischaemic attack in the presence of an ipsilateral <50% re-stenosis, medical therapy is recommended."
104,Carotid,Management of Atherosclerotic Carotid and Vertebral Artery Disease,2023,Iib,A,[Kumar <i>et al.</i>],"Unchanged  For carotid endarterectomy patients with an asymptomatic 70–99% re-stenosis, re-intervention may be considered following multidisciplinary team review."
105,Carotid,Management of Atherosclerotic Carotid and Vertebral Artery Disease,2023,I,A,[Kumar et al.],"For carotid stent patients who develop an asymptomatic re-stenosis >70%, medical management is recommended."
106,Carotid,Management of Atherosclerotic Carotid and Vertebral Artery Disease,2023,I,C,[Consensus],"For patients who developed focal neurological symptoms or seizures during carotid clamping when carotid endarterectomy is performed under local anaesthesia, or during balloon inflation (or proximal flow reversal) during carotid stenting, serial post-operative surveillance and re-intervention for asymptomatic restenoses >70% is recommended."
107,Carotid,Management of Atherosclerotic Carotid and Vertebral Artery Disease,2023,I,C,[Consensus],"For carotid endarterectomy patients who develop significant electrophysiological changes during carotid clamping, or whose mean middle cerebral artery velocities fell below 15 cm/sec on transcranial Doppler monitoring during carotid clamping under general anaesthesia, serial post-operative surveillance and re-intervention for asymptomatic re-stenoses >70% is recommended."
108,Carotid,Management of Atherosclerotic Carotid and Vertebral Artery Disease,2023,I,C,[Consensus],"For patients with re-stenosis in whom a decision has been made to undertake revascularisation, it is recommended that the choice of re-do endarterectomy or stenting be based on multidisciplinary team review, local surgeon and interventionist preference and patient choice."
109,Carotid,Management of Atherosclerotic Carotid and Vertebral Artery Disease,2023,III,C,[Consensus],"For patients undergoing open heart surgery, routine screening for carotid disease is not recommended."
110,Carotid,Management of Atherosclerotic Carotid and Vertebral Artery Disease,2023,IIa,C,"[Naylor et al.,<br>Aboyans et al.]","For patients undergoing coronary artery bypass surgery, duplex ultrasound screening for carotid disease should be considered in patients aged >70 years, and those with a history of transient ischaemic attack or stroke or who have a carotid bruit or left mainstem disease, so that the patient can be better informed of the increased risks associated with coronary artery bypass if they have concurrent carotid disease."
111,Carotid,Management of Atherosclerotic Carotid and Vertebral Artery Disease,2023,IIa,B,"[Naylor et al.,<br>D'Agostino et al.]","For coronary artery bypass surgery patients with a history of stroke or transient ischaemic attack in the preceding six months and a 50–99% carotid stenosis, a staged or synchronous carotid intervention should be considered."
112,Carotid,Management of Atherosclerotic Carotid and Vertebral Artery Disease,2023,IIa,B,"[Timaran et al.,<br>Naylor et al.,<br>Paraskevas et al.,<br>Naylor et al.]","For coronary artery bypass surgery patients with a history of stroke or transient ischaemic attack in the preceding six months and a 50–99% carotid stenosis, a staged or synchronous carotid endarterectomy should be considered instead of carotid stenting plus coronary bypass surgery."
113,Carotid,Management of Atherosclerotic Carotid and Vertebral Artery Disease,2023,III,B,"[Naylor et al.,<br>Klarin et al.,<br>Ashrafi et al.]","For coronary artery bypass patients with an asymptomatic unilateral 70–99% carotid stenosis, a staged or synchronous carotid intervention is not recommended for the prevention of post-operative stroke."
114,Carotid,Management of Atherosclerotic Carotid and Vertebral Artery Disease,2023,IIb,C,[Naylor et al.],"For coronary artery bypass patients with bilateral asymptomatic 70–99% carotid stenoses, or a 70–99% stenosis with contralateral occlusion, a staged or synchronous carotid intervention may be considered."
115,Carotid,Management of Atherosclerotic Carotid and Vertebral Artery Disease,2023,IIa,C,"[Hajibandeh et al.,<br>Feldman et al.]","For asymptomatic carotid stenosis patients in whom a carotid intervention is deemed necessary if they are undergoing coronary artery bypass surgery, the choice between carotid endarterectomy or carotid stenting should be considered based on the urgency of performing surgery, choice of antiplatelet therapy during coronary bypass, individual patient characteristics, symptom status and local expertise."
116,Carotid,Management of Atherosclerotic Carotid and Vertebral Artery Disease,2023,I,B,[Jorgensen <i>et al.</i>],"For patients undergoing elective, non-cardiac surgery with a history of stroke or transient ischaemic attack within the preceding six months, carotid artery imaging is recommended."
117,Carotid,Management of Atherosclerotic Carotid and Vertebral Artery Disease,2023,I,B,"[Rothwell <i>et al.</i>, Jorgensen <i>et al.</i>]","For patients with a history of stroke or transient ischaemic attack in the preceding six months attributable to an ipsilateral 50–99% carotid stenosis and who are scheduled to undergo elective, non-cardiac surgery, it is recommended that carotid revascularisation be performed before the non-cardiac surgical procedure."
118,Carotid,Management of Atherosclerotic Carotid and Vertebral Artery Disease,2023,I,B,[Jorgensen <i>et al.</i>],"For patients with a history of prior stroke and no significant carotid artery disease, it is recommended that, where possible, elective non-cardiac surgery should be delayed by 6 months. The decision to proceed with semi-urgent elective surgery will have to be individualised, based upon the underlying pathology."
119,Carotid,Management of Atherosclerotic Carotid and Vertebral Artery Disease,2023,III,B,"[Azelrod <i>et al.</i>, Sharifpour <i>et al.</i>]","For asymptomatic patients undergoing non-cardiac surgery procedures, routine carotid imaging is not recommended."
120,Carotid,Management of Atherosclerotic Carotid and Vertebral Artery Disease,2023,I,B,"[Mashour <i>et al.</i>, Mashour <i>et al.</i>]","For patients undergoing major non-cardiac surgical procedures, it is recommended that they should undergo a comprehensive cardiovascular risk assessment to aid the consent process regarding the risk of peri-operative stroke."
121,Carotid,Management of Atherosclerotic Carotid and Vertebral Artery Disease,2023,III,B,"[Huang <i>et al.</i>, Mashour <i>et al.</i>]","For patients with asymptomatic 50–99% carotid stenoses undergoing a major non-cardiac procedure, it is recommended not to stop statin therapy prior to surgery. Antithrombotic therapy withdrawal should be based on an assessment of thromboembolic and haemorrhagic risks."
122,Carotid,Management of Atherosclerotic Carotid and Vertebral Artery Disease,2023,III,B,"[Sonny <i>et al.</i>, Ballotta <i>et al.</i>]","For patients with an asymptomatic 50–99% carotid stenosis undergoing a major non-cardiac surgical procedure, prophylactic carotid endarterectomy or carotid stenting is not recommended."
123,Carotid,Management of Atherosclerotic Carotid and Vertebral Artery Disease,2023,III,C,[Consensus],"Unchanged  For asymptomatic patients with proximal common carotid artery or innominate artery stenoses/occlusions, open or endovascular interventions are not recommended."
124,Carotid,Management of Atherosclerotic Carotid and Vertebral Artery Disease,2023,IIa,C,"[Robertson <i>et al.</i>, Van de Weijer <i>et al.</i>]","Unchanged  For symptomatic patients with proximal common carotid artery or innominate stenoses, open retrograde angioplasty and stenting should be considered."
125,Carotid,Management of Atherosclerotic Carotid and Vertebral Artery Disease,2023,III,C,[Compter et al.],"For patients with asymptomatic vertebral artery atherosclerotic lesions, open or endovascular interventions are not recommended."
126,Carotid,Management of Atherosclerotic Carotid and Vertebral Artery Disease,2023,I,B,"[Khan et al., Davis et al.]","For patients with suspected vertebrobasilar ischaemia, computed tomographic angiography or contrast enhanced magnetic resonance angiography is recommended as the first line vascular imaging modality."
127,Carotid,Management of Atherosclerotic Carotid and Vertebral Artery Disease,2023,III,C,"Mitchell et al., Sultan et al., Chandratheva et al.","For patients with vertigo or dizziness on head turning, it is recommended that a diagnosis of vertebrobasilar ischaemia (attributed to nipping of the vertebral arteries on head movement) should not be made, unless corroborated by vascular imaging showing clear disruption of blood flow during head turning."
128,Carotid,Management of Atherosclerotic Carotid and Vertebral Artery Disease,2023,III,A,Markus et al.,"For patients presenting with a vertebrobasilar territory transient ischaemic attack or stroke and a 50–99% vertebral artery stenosis, routine stenting is not recommended."
129,Carotid,Management of Atherosclerotic Carotid and Vertebral Artery Disease,2023,Iib,B,"Markus et al., Compter et al., Chimowitz et al.","For patients with recurrent vertebrobasilar territory symptoms (despite best medical therapy) and a 50–99% extracranial vertebral artery stenosis, revascularisation may be considered."
130,Carotid,Management of Atherosclerotic Carotid and Vertebral Artery Disease,2023,III,C,"[Kieffer <i>et al.</i>, Berguer <i>et al.</i>, Ramirez <i>et al.</i>, Coleman <i>et al.</i>]","For patients with combined carotid and vertebral artery disease, synchronous carotid and vertebral artery revascularisations are not recommended."
131,Carotid,Management of Atherosclerotic Carotid and Vertebral Artery Disease,2023,Ila,C,"[Antoniou et al., Tank et al., Langwieser et al., Li et al., Li et al.]","For patients undergoing vertebral artery stenting, drug eluting stents should be considered in preference to bare metal stents."
132,Carotid,Management of Atherosclerotic Carotid and Vertebral Artery Disease,2023,III,B,"[Antoniou et al., Stayman et al.]","For patients undergoing vertebral artery interventions, serial surveillance with catheter angiography is not recommended."
133,Carotid,Management of Atherosclerotic Carotid and Vertebral Artery Disease,2023,Iib,C,"[Brott et al., Eberhardt et al.]","For patients who have undergone an open or endovascular vertebral artery intervention, serial non-invasive imaging surveillance may be considered."
